Event Name,Date and Time,Location,Description
Startup Pitch,2024-03-14 13:32:20,Art Gallery,Relax and rejuvenate with this peaceful retreat.
Quiz Night,2024-06-03 02:07:02,Beachside Arena,Delicious food and amazing vibes.
Storytelling Session,2024-05-04 09:06:44,University Auditorium,Learn from experts in this hands-on workshop.
AI Summit,2024-09-12 17:32:06,Central Park,Join us for a day of creativity and inspiration.
Science Fair,2024-10-27 13:00:56,Downtown Hall,Explore the latest trends in the field.
Photography Workshop,2024-10-22 10:45:44,City Library,Learn from experts in this hands-on workshop.
Book Launch,2024-11-23 03:55:44,Community Center,An educational experience for all.
Meditation Workshop,2024-12-20 12:26:54,Downtown Hall,Learn from experts in this hands-on workshop.
Literature Talk,2024-10-17 23:15:49,Art Gallery,A fun and engaging event for all ages.
Digital Marketing Webinar,2024-04-09 14:52:13,City Library,Join us for a day of creativity and inspiration.
Magic Show,2024-10-09 05:13:47,City Library,Celebrate the launch of an exciting new book.
Science Fair,2024-08-31 15:27:43,Art Gallery,Delicious food and amazing vibes.
Comedy Show,2024-12-13 05:03:22,City Library,Delicious food and amazing vibes.
Comedy Show,2024-05-14 22:59:53,Art Gallery,An opportunity to showcase innovative ideas.
Cooking Class,2024-03-19 11:58:46,Art Gallery,Delicious food and amazing vibes.
Dance Competition,2024-03-17 06:08:18,Local Cafe,Celebrate the launch of an exciting new book.
Networking Event,2024-07-17 06:48:04,University Auditorium,Join us for a day of creativity and inspiration.
Community Cleanup,2024-12-20 00:15:06,Art Gallery,Enjoy a captivating film with the community.
Startup Meetup,2024-06-16 19:22:59,Central Park,Delicious food and amazing vibes.
Literature Talk,2024-08-09 01:02:05,University Auditorium,A fun and engaging event for all ages.
Book Launch,2024-03-07 21:36:31,Downtown Hall,Delicious food and amazing vibes.
Art Exhibition,2024-09-20 13:02:43,City Library,Relax and rejuvenate with this peaceful retreat.
Yoga Retreat,2024-01-17 13:58:41,Downtown Hall,Join us for a day of creativity and inspiration.
Food Carnival,2024-03-15 21:13:10,Art Gallery,Delicious food and amazing vibes.
Startup Pitch,2024-01-13 19:18:15,Central Park,Join us for a day of creativity and inspiration.
Gaming Tournament,2024-11-12 15:00:31,University Auditorium,An opportunity to showcase innovative ideas.
Career Counselling,2024-11-28 06:03:09,City Library,Delicious food and amazing vibes.
Art Exhibition,2024-09-02 10:35:13,Downtown Hall,Delicious food and amazing vibes.
Hackathon,2024-05-27 13:55:29,Community Center,An educational experience for all.
Film Festival,2024-08-05 21:43:26,Downtown Hall,Join us for a day of creativity and inspiration.
Music Fest,2024-02-28 18:48:35,Art Gallery,Relax and rejuvenate with this peaceful retreat.
Comedy Show,2024-03-02 19:13:40,University Auditorium,Enjoy a captivating film with the community.
Environment Day Celebration,2024-10-17 06:44:08,Art Gallery,Relax and rejuvenate with this peaceful retreat.
Gardening Workshop,2024-02-11 01:05:20,Local Cafe,Join us for a day of creativity and inspiration.
Entrepreneurship Meetup,2024-07-27 22:31:26,Community Center,An educational experience for all.
Quiz Night,2024-06-20 22:49:05,University Auditorium,An opportunity to showcase innovative ideas.
Comedy Show,2024-06-28 06:18:03,Central Park,Delicious food and amazing vibes.
Magic Show,2024-09-20 17:52:14,Community Center,Learn from experts in this hands-on workshop.
Quiz Night,2024-06-20 09:58:07,Convention Center,An opportunity to showcase innovative ideas.
Entrepreneurship Meetup,2024-10-10 14:22:39,Downtown Hall,Celebrate the launch of an exciting new book.
Robotics Demo,2024-07-12 21:44:17,Local Cafe,An educational experience for all.
Charity Auction,2024-02-11 13:16:58,Downtown Hall,Explore the latest trends in the field.
Startup Pitch,2024-04-29 03:46:26,University Auditorium,Relax and rejuvenate with this peaceful retreat.
Coding Workshop,2024-05-11 14:38:25,Tech Hub,Delicious food and amazing vibes.
Travel Stories,2024-06-26 06:05:51,Beachside Arena,Relax and rejuvenate with this peaceful retreat.
Film Festival,2024-02-05 07:18:05,Central Park,Relax and rejuvenate with this peaceful retreat.
Literature Talk,2024-07-25 01:47:53,Beachside Arena,Delicious food and amazing vibes.
Literature Talk,2024-10-19 23:20:51,City Library,An opportunity to showcase innovative ideas.
Music Jam,2024-04-01 05:59:13,Downtown Hall,An opportunity to showcase innovative ideas.
Startup Pitch,2024-01-14 14:31:38,Central Park,Celebrate the launch of an exciting new book.
